{"flutter":{"platforms":{"android":{"default":{"projectId":"starsync-8bf37","appId":"1:1085028424107:android:fada18b4f2810fe265daee","fileOutput":"android/app/google-services.json"}},"dart":{"lib/firebase_options.dart":{"projectId":"starsync-8bf37","configurations":{"android":"1:1085028424107:android:fada18b4f2810fe265daee","ios":"1:1085028424107:ios:7c9c9ecc1e17a5c165daee","macos":"1:1085028424107:ios:7c9c9ecc1e17a5c165daee","web":"1:1085028424107:web:52759bf969e6047765daee","windows":"1:1085028424107:web:729b9b99a0694e4865daee"}}}}}}